date,pettah_wholesale,pettah_retail,dambulla_wholesale,dambulla_retail,,,
3/6/2015,60,80,60,85,,,
3/9/2015,55,80,45,70,,,
3/11/2015,50,70,40,65,,,
3/12/2015,55,75,40,65,,,
3/13/2015,50,70,48,65,,,
3/16/2015,50,70,40,70,,,
3/17/2015,50,70,45,65,,, 
3/18/2015,45,70,43,70,,,
3/19/2015,50,70,33,65,,,
3/20/2015,45,70,38,60,,,
3/24/2015,40,60,33,55,,,
3/25/2015,40,60,38,60,,,
3/26/2015,40,60,30,50,,,
3/27/2015,35,55,28,50,,,
3/31/2015,20,40,25,45,,,
4/1/2015,25,45,20,40,,,
4/2/2015,25,45,15,33,,,
4/6/2015,25,55,18,40,,,
4/7/2015,30,50,23,40,,,
4/8/2015,30,50,35,55,,,
4/9/2015,30,50,43,70,,,
4/10/2015,55,80,53,73,,,
4/21/2015,30,50,15,30,,,
4/23/2015,20,40,14,30,,,
4/24/2015,35,60,28,50,,,
4/27/2015,30,50,23,35,,,
4/28/2015,40,60,25,45,,,
4/29/2015,30,50,25,45,,,
4/30/2015,45,65,28,45,,,
5/5/2015,55,80,,,,,
5/6/2015,55,80,35,55,,,
5/7/2015,40,60,40,55,,,
5/8/2015,40,60,30,45,,,
5/11/2015,40,60,28,45,,,
5/12/2015,40,60,45,65,,,
5/13/2015,45,65,48,65,,,
5/14/2015,45,65,43,55,,,
5/15/2015,50,70,43,55,,,
5/18/2015,40,60,43,60,,,
5/19/2015,40,60,43,55,,,
5/20/2015,40,60,33,45,,,
5/21/2015,45,65,40,55,,,
5/22/2015,55,75,33,55,,,
5/25/2015,45,65,38,50,,,
5/26/2015,50,70,45,60,,,
5/27/2015,45,65,45,60,,,
5/28/2015,45,70,45,65,,,
5/29/2015,45,70,48,65,,,
6/1/2015,50,70,45,63,,,
6/3/2015,65,90,45,58,,,
6/4/2015,60,80,,,,,
6/5/2015,65,85,43,55,,,
6/8/2015,45,70,55,70,,,
6/9/2015,50,70,55,63,,,
6/10/2015,50,70,53,63,,,
6/11/2015,50,70,55,70,,,
6/12/2015,50,70,53,63,,,
6/15/2015,50,70,53,70,,,
6/16/2015,50,70,45,63,,,
6/17/2015,50,70,50,60,,,
6/18/2015,50,70,43,60,,,
6/19/2015,50,70,45,65,,,
6/22/2015,45,65,28,45,,,
6/23/2015,40,60,33,45,,,
6/24/2015,40,60,33,45,,,
6/25/2015,40,60,33,40,,,
6/26/2015,35,55,28,43,,,
6/29/2015,40,60,23,35,,,
6/30/2015,40,60,15,25,,,
7/2/2015,40,60,18,33,,,
7/3/2015,35,55,23,40,,,
7/6/2015,30,50,23,40,,,
7/7/2015,35,55,18,30,,,
7/8/2015,35,55,18,30,,,
7/9/2015,35,55,18,30,,,
7/10/2015,40,60,18,33,,,
7/13/2015,30,50,20,40,,,
7/14/2015,30,50,28,40,,,
7/15/2015,43,65,25,43,,,
7/16/2015,60,80,28,43,,,
7/17/2015,60,80,35,53,,,
7/20/2015,60,80,40,60,,,
7/21/2015,60,80,33,48,,,
7/22/2015,55,75,30,43,,,
7/23/2015,55,75,45,65,,,
7/24/2015,60,80,48,60,,,
7/27/2015,50,70,53,65,,,
7/28/2015,45,70,43,60,,,
7/29/2015,40,60,50,68,,,
7/30/2015,40,60,58,78,,,
8/3/2015,40,60,35,60,,,
8/4/2015,40,60,28,50,,,
8/5/2015,40,60,43,60,,,
8/6/2015,40,60,40,60,,,
8/7/2015,40,60,38,60,,,
8/10/2015,40,60,43,60,,,
8/11/2015,38,55,38,60,,,
8/12/2015,40,60,50,60,,,
8/13/2015,35,55,48,65,,,
8/14/2015,40,60,45,65,,,
8/17/2015,40,60,40,65,,,
8/18/2015,35,55,,,,,
8/19/2015,45,65,,,,,
8/20/2015,45,70,58,68,,,
8/21/2015,45,70,43,60,,,
8/24/2015,45,70,45,60,,,
8/25/2015,40,60,38,50,,,
8/26/2015,40,60,45,65,,,
8/27/2015,40,60,48,65,,,
8/28/2015,45,65,45,65,,,
8/31/2015,40,60,58,75,,,
9/1/2015,45,70,45,68,,,
9/2/2015,45,70,48,65,,,
9/3/2015,50,70,55,73,,,
9/4/2015,50,70,40,60,,,
9/7/2015,50,70,43,70,,,
9/8/2015,40,60,48,70,,,
9/9/2015,45,65,55,75,,,
9/10/2015,45,65,50,75,,,
9/11/2015,45,65,53,75,,,
9/14/2015,45,70,60,75,,,
9/15/2015,45,65,50,68,,,
9/16/2015,45,65,55,75,,,
9/17/2015,45,65,55,75,,,
9/18/2015,55,75,58,75,,,
9/21/2015,40,60,48,65,,,
9/22/2015,40,60,53,70,,,
9/23/2015,45,75,58,75,,,
9/25/2015,60,80,55,75,,,
9/28/2015,60,80,53,70,,,
9/29/2015,60,80,45,60,,,
9/30/2015,45,65,55,70,,,
10/1/2015,50,70,43,65,,,
10/2/2015,50,70,48,63,,,
10/5/2015,45,65,40,55,,,
10/6/2015,45,65,45,60,,,
10/7/2015,50,70,48,70,,,
10/8/2015,45,65,43,63,,,
10/9/2015,45,65,48,60,,,
10/12/2015,35,55,45,65,,,
10/13/2015,40,60,43,60,,,
10/14/2015,40,60,45,65,,,
10/15/2015,40,60,40,60,,,
10/16/2015,40,60,38,60,,,
10/19/2015,40,60,43,60,,,
10/20/2015,40,60,35,60,,,
10/21/2015,40,60,33,45,,,
10/22/2015,40,60,43,60,,,
10/23/2015,40,60,45,65,,,
10/26/2015,65,85,53,65,,,
10/28/2015,65,85,,,,,
10/29/2015,55,75,53,75,,,
10/30/2015,55,75,45,65,,,
11/2/2015,45,65,48,65,,,
11/3/2015,65,85,58,85,,,
11/4/2015,60,80,48,65,,,
11/5/2015,60,80,55,75,,,
11/6/2015,55,75,68,85,,,
11/9/2015,60,80,60,75,,,
11/11/2015,65,85,93,115,,,
11/12/2015,65,85,80,95,,,
11/13/2015,60,80,100,120,,,
11/16/2015,80,100,85,115,,,
11/17/2015,85,105,80,100,,,
11/18/2015,85,105,80,95,,,
11/19/2015,90,110,88,105,,,
11/20/2015,85,105,85,110,,,
11/23/2015,75,95,85,110,,,
11/24/2015,75,100,90,110,,,
11/26/2015,100,120,85,110,,,
11/27/2015,105,125,95,120,,,
11/30/2015,100,120,95,120,,,
12/1/2015,95,115,95,120,,,
12/2/2015,95,110,93,115,,,
12/3/2015,90,110,90,115,,,
12/4/2015,100,120,100,115,,,
12/7/2015,80,100,78,110,,,
12/8/2015,75,95,85,115,,,
12/9/2015,70,90,75,110,,,
12/10/2015,70,90,95,120,,,
12/11/2015,75,95,70,95,,,
12/14/2015,80,100,85,120,,,
12/15/2015,85,105,90,120,,,
12/16/2015,95,115,90,125,,,
12/17/2015,105,125,88,115,,,
12/18/2015,105,125,90,115,,,
12/21/2015,120,140,110,140,,,
12/22/2015,120,140,110,135,,,
12/23/2015,125,150,110,135,,,
12/28/2015,160,180,175,225,,,
12/29/2015,200,220,175,225,,,
12/30/2015,180,200,170,215,,,
12/31/2015,160,180,160,225,,,
1/1/2016,160,180,125,175,,,
1/4/2016,150,170,120,175,,,
1/5/2016,160,180,120,165,,,
1/6/2016,150,170,110,140,,,
1/7/2016,100,120,130,175,,,
1/8/2016,100,120,110,155,,,
1/11/2016,100,120,105,145,,,
1/12/2016,90,110,105,145,,,
1/13/2016,80,100,100,145,,,
1/14/2016,80,100,105,145,,,
1/18/2016,90,110,100,125,,,
1/19/2016,80,100,100,145,,,
1/20/2016,80,100,90,120,,,
1/21/2016,80,100,100,120,,,
1/22/2016,75,95,100,145,,,
1/25/2016,80,100,90,120,,,
1/26/2016,80,100,85,120,,,
1/27/2016,80,100,70,95,,,
1/28/2016,70,90,58,85,,,
1/29/2016,60,80,80,110,,,
2/1/2016,70,90,90,120,,,
2/2/2016,65,85,60,90,,,
2/3/2016,60,80,65,90,,,
2/5/2016,60,80,65,90,,,
2/8/2016,60,80,65,85,,,
2/9/2016,60,80,65,90,,,
2/10/2016,60,80,68,90,,,
2/11/2016,60,80,48,65,,,
2/12/2016,60,80,55,70,,,
2/15/2016,60,80,60,85,,,
2/16/2016,60,80,68,85,,,
2/17/2016,60,80,50,80,,,
2/18/2016,55,70,48,65,,,
2/19/2016,60,80,48,70,,,
2/23/2016,50,70,50,60,,,
2/24/2016,50,70,25,45,,,
2/25/2016,50,70,38,55,,,
2/26/2016,50,70,63,75,,,
2/29/2016,50,70,53,65,,,
3/1/2016,50,70,48,65,,,
3/2/2016,50,70,50,65,,,
3/3/2016,50,70,65,85,,,
3/4/2016,50,70,65,85,,,
3/8/2016,60,80,55,70,,,
3/9/2016,65,85,60,70,,,
3/10/2016,60,80,60,70,,,
3/11/2016,60,80,75,95,,,
3/14/2016,60,80,70,85,,,
3/15/2016,60,80,80,90,,,
3/16/2016,80,120,80,90,,,
3/17/2016,70,90,80,90,,,
3/18/2016,70,90,80,95,,,
3/21/2016,65,85,83,95,,,
3/23/2016,60,80,78,100,,,
3/24/2016,65,85,80,110,,,
3/28/2016,75,95,85,130,,,
3/29/2016,80,100,90,120,,,
3/30/2016,75,95,90,120,,,
3/31/2016,80,100,60,90,,,
4/1/2016,80,100,55,90,,,
4/4/2016,80,100,38,70,,,
4/5/2016,60,100,48,70,,,
4/6/2016,80,100,50,70,,,
4/7/2016,65,85,50,70,,,
4/8/2016,75,95,55,75,,,
4/11/2016,70,95,70,90,,,
4/12/2016,70,95,85,115,,,
4/15/2016,,,,,,,
4/18/2016,60,80,,,,,
4/19/2016,80,100,28,45,,,
4/20/2016,35,55,23,40,,,
4/22/2016,35,55,23,45,,,
4/25/2016,35,55,30,45,,,
4/26/2016,35,55,33,55,,,
4/27/2016,40,60,28,45,,,
4/28/2016,40,60,30,45,,,
4/29/2016,60,80,38,55,,,
5/3/2016,45,65,40,65,,,
5/4/2016,50,70,38,55,,,
5/5/2016,50,70,40,55,,,
5/6/2016,60,80,45,60,,,
5/9/2016,70,90,48,65,,,
5/10/2016,60,80,50,65,,,
5/11/2016,60,80,50,65,,,
5/12/2016,60,80,55,75,,,
5/13/2016,60,80,50,75,,,
5/16/2016,65,85,50,65,,,
5/17/2016,80,100,75,105,,,
5/18/2016,80,100,50,65,,,
5/19/2016,80,100,60,90,,,
5/20/2016,80,100,60,75,,,
5/24/2016,100,120,95,130,,,
5/25/2016,85,105,105,135,,,
5/26/2016,80,100,110,145,,,
5/27/2016,100,120,110,150,,,
5/30/2016,85,105,125,155,,,
5/31/2016,80,100,115,150,,,
6/1/2016,120,140,115,150,,,
6/2/2016,100,120,115,160,,,
6/3/2016,120,140,95,145,,,
6/6/2016,90,110,115,155,,,
6/7/2016,100,120,135,160,,,
6/8/2016,100,120,135,165,,,
6/9/2016,120,140,125,165,,,
6/10/2016,120,140,120,145,,,
6/13/2016,140,160,130,155,,,
6/14/2016,150,170,115,145,,,
6/15/2016,105,125,105,120,,,
6/16/2016,110,130,110,145,,,
6/17/2016,90,110,90,135,,,
6/20/2016,100,120,,,,,
6/21/2016,100,120,65,90,,,
6/22/2016,100,120,60,90,,,
6/23/2016,100,120,55,75,,,
6/24/2016,80,100,50,75,,,
6/27/2016,60,80,50,70,,,
6/28/2016,60,80,60,75,,,
6/29/2016,60,80,55,70,,,
6/30/2016,60,80,50,65,,,
7/1/2016,70,100,38,70,,,
7/4/2016,80,100,50,75,,,
7/5/2016,80,100,40,70,,,
7/7/2016,80,100,50,75,,,
7/8/2016,80,100,53,80,,,
7/11/2016,70,100,50,80,,,
7/12/2016,70,90,50,65,,,
7/13/2016,60,80,40,65,,,
7/14/2016,60,80,40,60,,,
7/15/2016,60,80,40,60,,,
7/18/2016,60,80,48,70,,,
7/20/2016,60,80,,,,,
7/21/2016,60,80,50,65,,,
7/22/2016,65,85,50,65,,,
7/25/2016,60,80,55,90,,,
7/26/2016,60,80,50,65,,,
7/27/2016,60,80,55,75,,,
7/28/2016,60,80,53,65,,,
7/29/2016,60,80,50,65,,,
8/1/2016,60,80,45,70,,,
8/2/2016,60,80,55,75,,,
8/3/2016,60,80,45,70,,,
8/4/2016,60,80,60,70,,,
8/5/2016,60,80,65,85,,,
8/8/2016,50,70,45,65,,,
8/9/2016,50,70,50,60,,,
8/10/2016,50,70,40,55,,,
8/11/2016,50,70,58,75,,,
8/12/2016,60,80,45,65,,,
8/15/2016,60,80,40,60,,,
8/16/2016,60,80,55,75,,,
8/18/2016,60,80,40,55,,,
8/19/2016,60,80,50,65,,,
8/22/2016,60,80,40,55,,,
8/23/2016,60,80,40,55,,,
8/24/2016,60,80,30,55,,,
8/25/2016,50,80,30,45,,,
8/26/2016,55,75,38,55,,,
8/29/2016,60,80,38,55,,,
8/30/2016,70,100,40,55,,,
8/31/2016,60,80,38,55,,,
9/1/2016,60,80,40,55,,,
9/2/2016,50,70,35,55,,,
9/5/2016,40,60,45,60,,,
9/6/2016,40,60,38,55,,,
9/7/2016,40,60,40,55,,,
9/8/2016,40,60,33,50,,,
9/9/2016,40,60,38,50,,,
9/13/2016,50,70,50,68,,,
9/14/2016,50,70,60,70,,,
9/15/2016,50,70,43,65,,,
9/19/2016,50,70,40,50,,,
9/20/2016,50,70,40,50,,,
9/21/2016,50,70,40,50,,,
9/22/2016,50,70,38,50,,,
9/23/2016,55,75,40,50,,,
9/26/2016,60,80,45,58,,,
9/27/2016,60,80,40,50,,,
9/28/2016,60,80,45,60,,,
9/29/2016,55,88,40,50,,,
9/30/2016,63,78,38,55,,,
10/3/2016,58,83,40,50,,,
10/4/2016,60,83,38,55,,,
10/5/2016,65,93,45,60,,,
10/6/2016,60,85,38,55,,,
10/7/2016,60,90,45,58,,,
10/10/2016,60,88,50,75,,,
10/11/2016,53,88,60,68,,,
10/12/2016,53,93,55,70,,,
10/13/2016,58,93,55,70,,,
10/14/2016,63,98,50,65,,,
10/17/2016,53,83,50,65,,,
10/18/2016,55,85,38,65,,,
10/19/2016,60,83,38,55,,,
10/20/2016,50,70,40,50,,,
10/21/2016,50,75,38,55,,,
10/24/2016,50,80,40,60,,,
10/25/2016,50,75,40,55,,,
10/26/2016,55,85,60,70,,,
10/27/2016,50,75,45,55,,,
10/28/2016,50,75,45,55,,,
10/31/2016,55,70,45,65,,,
11/1/2016,53,80,50,65,,,
11/2/2016,55,85,40,55,,,
11/3/2016,55,85,40,45,,,
11/4/2016,50,80,35,55,,,
11/7/2016,45,80,30,40,,,
11/8/2016,45,70,30,55,,,
11/9/2016,40,70,35,60,,,
11/10/2016,50,80,40,60,,,
11/11/2016,50,77,28,40,,,
11/15/2016,53,78,35,60,,,
11/16/2016,50,77,38,60,,,
11/17/2016,47,73,38,60,,,
11/18/2016,47,73,33,50,,,
11/21/2016,47,77,40,55,,,
11/22/2016,50,77,30,45,,,
11/23/2016,47,73,40,55,,,
11/24/2016,47,73,33,55,,,
11/25/2016,47,73,28,43,,,
11/28/2016,47,77,40,60,,,
11/29/2016,47,77,40,65,,,
11/30/2016,45,75,45,65,,,
12/1/2016,45,72,38,55,,,
12/2/2016,45,70,35,55,,,
12/5/2016,45,73,28,45,,,
12/6/2016,45,70,30,45,,,
12/7/2016,35,70,25,45,,,
12/8/2016,40,70,25,45,,,
12/9/2016,30,55,28,45,,,
12/14/2016,33,55,20,40,,,
12/15/2016,40,65,25,45,,,
12/16/2016,40,67,28,45,,,
12/19/2016,40,65,20,35,,,
12/20/2016,33,57,15,30,,,
12/21/2016,30,57,20,35,,,
12/22/2016,30,53,20,40,,,
12/23/2016,30,57,25,35,,,
12/27/2016,25,50,25,38,,,
12/28/2016,30,53,20,40,,,
12/29/2016,30,55,33,45,,,
12/30/2016,35,60,25,40,,,
1/2/2017,30,53,13,25,,,
1/3/2017,25,50,9,24,,,
1/4/2017,25,50,28,45,,,
1/5/2017,25,55,15,33,,,
1/6/2017,33,55,15,33,,,
1/9/2017,25,50,20,40,,,
1/10/2017,35,60,25,50,,,
1/11/2017,30,55,18,40,,,
1/13/2017,45,70,25,50,,,
1/16/2017,35,75,18,33,,,
1/17/2017,35,65,20,40,,,
1/18/2017,35,60,20,40,,,
1/19/2017,40,80,20,40,,,
1/20/2017,60,90,25,45,,,
1/23/2017,40,65,30,55,,,
1/24/2017,40,65,40,55,,,
1/25/2017,30,55,40,65,,,
1/26/2017,45,70,30,60,,,
1/27/2017,42,75,35,55,,,
1/30/2017,45,70,40,65,,,
1/31/2017,45,70,35,55,,,
2/1/2017,40,65,30,55,,,
2/2/2017,35,60,40,65,,,
2/3/2017,40,60,35,55,,,
2/6/2017,35,55,30,55,,,
2/7/2017,35,55,40,65,,,
2/8/2017,35,55,40,65,,,
2/9/2017,30,55,30,50,,,
2/13/2017,40,65,45,70,,,
2/14/2017,40,65,35,55,,,
2/15/2017,45,65,35,55,,,
2/16/2017,45,65,35,55,,,
2/17/2017,70,90,40,60,,,
2/20/2017,65,90,50,75,,,
2/21/2017,60,90,45,70,,,
2/22/2017,60,90,50,75,,,
2/23/2017,60,85,50,75,,,
2/27/2017,55,80,,,,,
2/28/2017,45,75,50,75,,,
3/1/2017,55,80,40,60,,,
3/2/2017,35,70,35,55,,,
3/3/2017,35,60,40,55,,,
3/6/2017,30,55,35,70,,,
3/7/2017,30,55,25,55,,,
3/8/2017,32,60,25,45,,,
3/9/2017,30,55,35,55,,,
3/10/2017,30,55,15,25,,,
3/13/2017,30,55,15,25,,,
3/14/2017,30,55,10,30,,,
3/15/2017,35,55,15,25,,,
3/16/2017,25,50,10,25,,,
3/17/2017,30,55,10,25,,,
3/20/2017,40,70,25,45,,,
3/21/2017,30,55,15,35,,,
3/22/2017,25,55,15,35,,,
3/23/2017,35,68,15,35,,,
3/24/2017,40,65,15,25,,,
3/27/2017,55,90,20,35,,,
3/28/2017,57,80,25,45,,,
3/29/2017,53,83,25,45,,,
3/30/2017,50,80,35,55,,,
3/31/2017,50,77,50,70,,,
4/3/2017,65,90,50,70,,,
4/4/2017,55,90,50,60,,,
4/5/2017,55,85,65,80,,,
4/6/2017,50,80,60,75,,,
4/7/2017,60,95,55,75,,,
4/11/2017,45,120,,,,,
4/12/2017,70,100,90,115,,,
4/17/2017,70,110,90,105,,,
4/18/2017,70,100,100,115,,,
4/19/2017,80,100,75,95,,,
4/20/2017,50,75,40,60,,,
4/21/2017,55,85,35,55,,,
4/24/2017,30,60,33,53,,,
4/25/2017,40,70,35,55,,,
4/26/2017,40,70,45,65,,,
4/27/2017,35,65,30,50,,,
4/28/2017,40,75,45,65,,,
5/2/2017,50,80,50,70,,,
5/3/2017,55,90,45,65,,,
5/4/2017,60,100,45,65,,,
5/5/2017,65,105,65,85,,,
5/8/2017,83,120,55,75,,,
5/9/2017,80,110,83,103,,,
5/12/2017,80,110,,,,,
5/15/2017,73,120,73,93,,,
5/16/2017,60,100,50,70,,,
5/17/2017,60,90,35,55,,,
5/18/2017,60,95,40,60,,,
5/19/2017,110,170,70,90,,,
5/22/2017,77,125,75,95,,,
5/23/2017,80,120,65,85,,,
5/24/2017,80,110,75,95,,,
5/25/2017,80,110,85,105,,,
5/26/2017,145,180,85,105,,,
5/29/2017,123,155,115,135,,,
5/30/2017,100,130,80,100,,,
5/31/2017,125,170,95,115,,,
6/1/2017,155,190,110,135,,,
6/2/2017,110,160,110,135,,,
6/5/2017,135,175,135,155,,,
6/6/2017,130,160,105,125,,,
6/7/2017,140,180,125,145,,,
6/9/2017,140,180,120,135,,,
6/12/2017,135,180,110,135,,,
6/13/2017,130,180,115,125,,,
6/14/2017,115,165,90,110,,,
6/15/2017,110,155,65,85,,,
6/16/2017,110,160,75,95,,,
6/19/2017,115,155,105,125,,,
6/20/2017,105,145,105,125,,,
6/21/2017,105,145,80,100,,,
6/22/2017,107,147,85,105,,,
6/23/2017,85,120,85,105,,,
6/27/2017,100,140,90,110,,,
6/28/2017,70,100,80,95,,,
6/29/2017,75,115,95,115,,,
6/30/2017,75,100,55,75,,,
7/3/2017,90,135,65,85,,,
7/4/2017,85,140,100,115,,,
7/5/2017,85,125,95,115,,,
7/6/2017,70,115,90,105,,,
7/7/2017,80,140,90,110,,,
7/10/2017,93,127,95,115,,,
7/11/2017,75,110,78,98,,,
7/12/2017,90,137,65,85,,,
7/13/2017,87,127,75,95,,,
7/14/2017,105,150,73,93,,,
7/17/2017,75,110,68,88,,,
7/18/2017,93,140,105,125,,,
7/19/2017,83,120,93,118,,,
7/20/2017,107,140,78,98,,,
7/21/2017,96,140,85,105,,,
7/24/2017,113,147,95,115,,,
7/25/2017,110,140,78,98,,,
7/26/2017,93,127,83,103,,,
7/27/2017,110,140,75,95,,,
7/28/2017,102,140,75,95,,,
7/31/2017,113,133,105,125,,,
8/1/2017,107,140,95,115,,,
8/2/2017,107,140,75,95,,,
8/3/2017,110,140,85,105,,,
8/4/2017,110,147,48,68,,,
8/8/2017,130,150,65,85,,,
8/9/2017,130,167,85,105,,,
8/10/2017,110,130,78,100,,,
8/11/2017,105,157,68,88,,,
8/14/2017,100,120,75,95,,,
8/15/2017,107,147,45,65,,,
8/16/2017,90,127,83,103,,,
8/17/2017,90,120,73,93,,,
8/18/2017,100,145,65,85,,,
8/21/2017,110,153,68,88,,,
8/22/2017,103,140,78,98,,,
8/23/2017,110,153,88,108,,,
8/24/2017,108,157,85,105,,,
8/25/2017,122,160,85,105,,,
8/28/2017,113,150,95,115,,,
8/29/2017,105,143,95,115,,,
8/30/2017,95,127,95,115,,,
8/31/2017,125,170,95,115,,,
9/4/2017,90,125,95,115,,,
9/6/2017,123,160,115,135,,,
9/7/2017,130,167,105,125,,,
9/8/2017,147,200,105,125,,,
9/11/2017,115,163,88,108,,,
9/12/2017,133,167,95,115,,,
9/13/2017,118,157,55,75,,,
9/14/2017,113,147,105,125,,,
9/15/2017,122,158,90,113,,,
9/18/2017,123,160,88,108,,,
9/19/2017,123,150,95,115,,,
9/20/2017,123,150,85,105,,,
9/21/2017,140,173,95,115,,,
9/22/2017,123,150,95,115,,,
9/25/2017,133,160,105,125,,,
9/26/2017,140,173,95,115,,,
9/27/2017,160,200,95,115,,,
9/28/2017,165,200,128,148,,,
9/29/2017,152,176,113,133,,,
10/2/2017,153,193,123,143,,,
10/3/2017,147,187,128,148,,,
10/4/2017,150,200,125,145,,,
10/6/2017,150,200,125,145,,,
10/9/2017,140,170,125,150,,,
10/10/2017,133,167,125,145,,,
10/11/2017,130,163,105,125,,,
10/12/2017,120,150,115,135,,,
10/13/2017,145,163,115,135,,,
10/16/2017,133,180,63,83,,,
10/17/2017,127,167,95,115,,,
10/19/2017,127,180,83,103,,,
10/20/2017,130,163,105,125,,,
10/23/2017,110,157,105,125,,,
10/24/2017,120,157,105,125,,,
10/25/2017,110,143,105,125,,,
10/26/2017,133,173,105,125,,,
10/27/2017,118,153,98,118,,,
10/30/2017,120,160,95,115,,,
10/31/2017,140,167,85,105,,,
11/1/2017,130,170,105,125,,,
11/2/2017,132,164,95,115,,,
11/6/2017,147,180,103,123,,,
11/7/2017,150,180,115,135,,,
11/8/2017,120,160,105,125,,,
11/9/2017,120,170,95,115,,,
11/10/2017,173,200,115,135,,,
11/13/2017,140,180,125,145,,,
11/14/2017,153,193,145,165,,,
11/15/2017,147,178,143,163,,,
11/16/2017,155,187,148,168,,,
11/17/2017,118,167,135,155,,,
11/20/2017,137,167,145,165,,,
11/21/2017,137,167,135,155,,,
11/22/2017,123,157,135,155,,,
11/23/2017,138,170,130,153,,,
11/24/2017,130,173,125,145,,,
11/27/2017,145,180,135,155,,,
11/28/2017,140,183,115,135,,,
11/29/2017,130,160,105,125,,,
11/30/2017,116,148,125,145,,,
12/4/2017,125,160,115,135,,,
12/5/2017,133,167,125,145,,,
12/6/2017,127,167,105,125,,,
12/7/2017,130,160,105,125,,,
12/8/2017,120,160,135,155,,,
12/11/2017,137,173,125,145,,,
12/12/2017,130,157,105,125,,,
12/13/2017,140,167,105,125,,,
12/14/2017,133,167,85,105,,,
12/15/2017,130,165,105,125,,,
12/18/2017,153,187,105,125,,,
12/19/2017,137,180,95,115,,,
12/20/2017,130,160,105,125,,,
12/21/2017,163,200,105,125,,,
12/22/2017,167,190,115,135,,,
12/26/2017,260,307,135,155,,,
12/27/2017,260,310,155,175,,,
12/28/2017,265,310,155,175,,,
12/29/2017,220,260,185,205,,,
1/2/2018,200,250,170,193,,,
1/3/2018,195,240,125,145,,,
1/4/2018,187,233,143,163,,,
1/5/2018,160,195,145,165,,,
1/8/2018,97,137,65,85,,,
1/9/2018,87,127,95,115,,,
1/10/2018,100,140,105,125,,,
1/11/2018,80,120,105,125,,,
1/12/2018,83,133,95,115,,,
1/16/2018,60,93,63,83,,,
1/17/2018,70,100,65,85,,,
1/18/2018,58,97,65,85,,,
1/19/2018,60,100,63,83,,,
1/22/2018,55,95,55,75,,,
1/23/2018,53,88,45,65,,,
1/24/2018,67,98,53,73,,,
1/25/2018,60,90,43,63,,,
1/26/2018,50,83,48,68,,,
1/29/2018,55,87,55,75,,,
1/30/2018,50,78,38,58,,,
2/1/2018,50,80,48,68,,,
2/2/2018,47,73,48,68,,,
2/6/2018,57,87,48,68,,,
2/7/2018,60,93,43,63,,,
2/8/2018,47,73,48,68,,,
2/9/2018,47,77,23,43,,,
2/12/2018,57,97,55,75,,,
2/14/2018,50,80,28,48,,,
2/15/2018,53,75,28,48,,,
2/16/2018,47,80,28,48,,,
2/19/2018,73,103,55,75,,,
2/20/2018,65,85,43,63,,,
2/21/2018,78,105,63,83,,,
2/22/2018,78,108,63,83,,,
2/23/2018,70,113,45,65,,,
2/26/2018,83,123,73,93,,,
2/27/2018,60,103,75,95,,,
2/28/2018,75,97,65,85,,,
3/2/2018,83,125,63,83,,,
3/5/2018,65,110,68,88,,,
3/6/2018,58,80,65,85,,,
3/7/2018,60,93,65,85,,,
3/8/2018,65,95,53,65,,,
3/9/2018,60,103,75,95,,,
3/12/2018,67,93,43,63,,,
3/13/2018,50,83,43,63,,,
3/14/2018,53,88,38,58,,,
3/15/2018,47,83,38,58,,,
3/16/2018,53,90,38,58,,,
3/19/2018,60,95,53,68,,,
3/20/2018,58,90,53,73,,,
3/21/2018,53,90,58,78,,,
3/22/2018,55,90,58,78,,,
3/23/2018,60,87,48,68,,,
3/26/2018,57,87,48,68,,,
3/27/2018,47,77,28,48,,,
3/28/2018,60,85,38,58,,,
3/29/2018,50,83,23,43,,,
4/2/2018,47,83,43,63,,,
4/3/2018,47,73,28,48,,,
4/4/2018,40,63,25,45,,,
4/5/2018,47,70,33,53,,,
4/6/2018,45,78,53,73,,,
4/9/2018,77,110,53,73,,,
4/10/2018,53,85,38,55,,,
4/11/2018,73,110,58,78,,,
4/12/2018,72,104,40,68,,,
4/16/2018,70,110,38,58,,,
4/17/2018,73,107,48,68,,,
4/18/2018,53,87,38,58,,,
4/19/2018,47,80,25,45,,,
4/20/2018,53,83,15,35,,,
4/23/2018,43,78,25,45,,,
4/24/2018,40,68,33,53,,,
4/25/2018,55,85,33,53,,,
4/26/2018,50,80,18,38,,,
4/27/2018,48,80,25,45,,,
5/1/2018,57,87,,,,,
5/2/2018,60,93,38,58,,,
5/3/2018,87,120,43,68,,,
5/4/2018,76,110,43,63,,,
5/8/2018,67,100,65,85,,,
5/9/2018,50,80,63,83,,,
5/10/2018,50,80,68,88,,,
5/11/2018,63,100,65,85,,,
5/14/2018,67,100,53,73,,,
5/15/2018,70,100,43,68,,,
5/16/2018,70,100,58,78,,,
5/17/2018,68,100,55,75,,,
5/18/2018,68,110,53,73,,,
5/21/2018,67,100,58,78,,,
5/22/2018,97,153,48,68,,,
5/23/2018,70,110,55,75,,,
5/24/2018,83,130,53,73,,,
5/25/2018,77,113,55,75,,,
5/28/2018,90,127,63,83,,,
5/30/2018,113,150,63,83,,,
5/31/2018,120,160,88,108,,,
6/1/2018,114,152,85,105,,,
6/4/2018,123,167,75,95,,,
6/5/2018,150,170,88,108,,,
6/6/2018,145,193,105,125,,,
6/7/2018,167,213,95,115,,,
6/8/2018,120,180,105,125,,,
6/11/2018,135,180,88,108,,,
6/12/2018,163,207,125,145,,,
6/13/2018,150,195,115,135,,,
6/14/2018,187,230,115,135,,,
6/18/2018,143,190,85,115,,,
6/19/2018,140,173,55,75,,,
6/20/2018,140,173,75,95,,,
6/21/2018,113,160,95,115,,,
6/22/2018,93,160,75,95,,,
6/25/2018,100,160,68,88,,,
6/26/2018,93,140,83,103,,,
6/28/2018,120,167,,,,,
6/29/2018,102,135,83,100,,,
7/2/2018,80,120,85,105,,,
7/3/2018,87,120,105,125,,,
7/4/2018,73,107,55,75,,,
7/5/2018,83,133,45,65,,,
7/6/2018,63,117,48,68,,,
7/9/2018,80,120,43,63,,,
7/10/2018,80,20,55,75,,,
7/11/2018,65,93,45,65,,,
7/12/2018,77,113,45,65,,,
7/13/2018,66,120,45,65,,,
7/16/2018,78,120,48,68,,,
7/17/2018,83,120,48,68,,,
7/18/2018,90,120,53,73,,,
7/19/2018,100,100,55,75,,,
7/20/2018,80,130,48,68,,,
7/23/2018,83,120,55,75,,,
7/24/2018,87,120,43,63,,,
7/25/2018,87,120,48,68,,,
7/26/2018,74,115,45,65,,,
7/30/2018,90,123,63,83,,,
7/31/2018,75,110,43,63,,,
8/1/2018,80,110,28,48,,,
8/2/2018,87,117,38,58,,,
8/3/2018,87,120,34,45,,,
8/6/2018,90,120,55,75,,,
8/7/2018,83,120,65,85,,,
8/8/2018,75,110,58,78,,,
8/9/2018,83,117,58,78,,,
8/10/2018,73,120,48,68,,,
8/13/2018,80,110,68,88,,,
8/14/2018,100,140,75,95,,,
8/15/2018,75,110,85,105,,,
8/16/2018,90,127,55,75,,,
8/17/2018,90,130,78,98,,,
8/20/2018,93,140,95,115,,,
8/21/2018,115,163,85,105,,,
8/23/2018,120,158,95,115,,,
8/24/2018,120,160,125,145,,,
8/27/2018,120,160,95,115,,,
8/28/2018,123,160,55,75,,,
8/29/2018,113,155,45,65,,,
8/30/2018,100,140,93,113,,,
8/31/2018,117,147,88,108,,,
9/3/2018,107,147,95,115,,,
9/4/2018,110,145,78,98,,,
9/5/2018,97,118,95,115,,,
9/6/2018,93,130,78,98,,,
9/7/2018,120,157,75,95,,,
9/10/2018,97,127,78,98,,,
9/11/2018,90,117,75,95,,,
9/12/2018,67,97,83,103,,,
9/13/2018,80,110,58,78,,,
9/14/2018,97,120,85,105,,,
9/17/2018,105,135,75,95,,,
9/18/2018,90,123,83,103,,,
9/19/2018,85,120,95,115,,,
9/20/2018,77,110,88,108,,,
9/21/2018,80,120,75,95,,,
9/25/2018,80,110,53,73,,,
9/26/2018,60,90,68,88,,,
9/27/2018,75,115,58,78,,,
9/28/2018,75,115,35,55,,,
10/1/2018,68,103,33,53,,,
10/2/2018,70,117,38,58,,,
10/3/2018,75,110,43,63,,,
10/4/2018,75,110,38,58,,,
10/5/2018,62,110,55,74,,,
10/8/2018,77,108,55,75,,,
10/9/2018,63,93,33,53,,,
10/10/2018,70,110,43,63,,,
10/11/2018,80,110,43,63,,,
10/12/2018,85,140,43,63,,,
10/15/2018,120,160,58,78,,,
10/16/2018,100,147,65,85,,,
10/17/2018,123,160,93,113,,,
10/18/2018,123,160,95,115,,,
10/19/2018,120,168,115,135,,,
10/22/2018,110,150,95,115,,,
10/23/2018,123,160,115,135,,,
10/25/2018,150,190,,,,,
10/26/2018,137,180,115,135,,,
10/29/2018,133,180,135,155,,,
10/30/2018,133,170,115,135,,,
10/31/2018,143,190,115,135,,,
11/1/2018,143,193,145,165,,,
11/2/2018,135,200,135,155,,,
11/5/2018,137,175,125,145,,,
11/7/2018,130,168,115,135,,,
11/8/2018,113,150,165,185,,,
11/9/2018,97,167,125,145,,,
11/12/2018,123,160,95,115,,,
11/13/2018,123,160,135,155,,,
11/14/2018,120,160,105,125,,,
11/15/2018,120,160,115,135,,,
11/16/2018,113,160,125,145,,,
11/19/2018,120,160,115,135,,,
11/21/2018,115,155,95,115,,,
11/23/2018,113,155,,,,,
11/26/2018,127,160,135,155,,,
11/27/2018,123,157,105,125,,,
11/28/2018,117,150,135,155,,,
11/29/2018,130,167,105,125,,,
11/30/2018,117,154,115,135,,,
12/3/2018,120,158,95,115,,,
12/4/2018,128,163,88,108,,,
12/5/2018,100,138,95,115,,,
12/6/2018,110,148,115,135,,,
12/7/2018,108,140,105,125,,,
12/10/2018,103,143,105,125,,,
12/11/2018,100,140,105,125,,,
12/12/2018,100,140,105,125,,,
12/13/2018,120,157,95,115,,,
12/14/2018,113,140,115,135,,,
12/17/2018,110,140,115,135,,,
12/18/2018,93,123,95,115,,,
12/19/2018,87,123,105,125,,,
12/20/2018,80,113,85,105,,,
12/21/2018,93,133,75,95,,,
12/24/2018,67,105,55,75,,,
12/26/2018,120,157,105,125,,,
12/27/2018,100,133,105,125,,,
12/28/2018,73,130,105,125,,,
12/31/2018,120,148,88,108,,,
1/1/2019,100,140,88,108,,,
1/2/2019,98,133,78,98,,,
1/3/2019,110,140,105,125,,,
1/4/2019,103,130,95,115,,,
1/7/2019,67,100,75,95,,,
1/8/2019,87,127,90,115,,,
1/9/2019,67,100,68,88,,,
1/10/2019,100,133,98,118,,,
1/11/2019,85,120,95,115,,,
1/14/2019,110,128,95,115,,,
1/16/2019,47,77,95,115,,,
1/17/2019,57,83,85,105,,,
1/18/2019,64,108,85,105,,,
1/21/2019,73,118,98,118,,,
1/22/2019,73,100,88,108,,,
1/23/2019,70,97,88,108,,,
1/24/2019,53,83,85,105,,,
1/25/2019,50,92,65,85,,,
1/28/2019,60,87,48,68,,,
1/29/2019,67,97,65,85,,,
1/30/2019,63,90,58,78,,,
1/31/2019,83,103,48,63,,,
2/1/2019,51,95,38,58,,,
2/5/2019,63,93,38,58,,,
2/6/2019,60,97,38,58,,,
2/7/2019,67,70,35,55,,,
2/8/2019,53,83,31,51,,,
2/11/2019,53,83,38,58,,,
2/12/2019,30,60,38,58,,,
2/13/2019,40,80,33,53,,,
2/14/2019,40,80,43,63,,,
2/15/2019,37,80,48,68,,,
2/18/2019,40,75,38,58,,,
2/20/2019,40,75,33,53,,,
2/21/2019,40,80,43,63,,,
2/22/2019,50,80,43,63,,,
2/25/2019,40,75,78,98,,,
2/26/2019,40,80,78,98,,,
2/27/2019,70,100,85,105,,,
2/28/2019,75,100,85,105,,,
3/1/2019,87,120,95,115,,,
3/5/2019,80,120,85,105,,,
3/6/2019,80,120,95,115,,,
3/7/2019,80,100,95,115,,,
3/8/2019,93,117,115,135,,,
3/11/2019,70,100,85,105,,,
3/12/2019,80,120,95,115,,,
3/13/2019,80,115,95,115,,,
3/14/2019,70,100,85,105,,,
3/15/2019,70,100,83,103,,,
3/18/2019,60,85,88,108,,,
3/19/2019,60,85,78,98,,,
3/21/2019,55,90,63,83,,,
3/22/2019,60,85,65,83,,,
3/25/2019,60,90,55,75,,,
3/26/2019,60,90,33,53,,,
3/27/2019,65,95,35,55,,,
3/28/2019,60,90,43,63,,,
3/29/2019,55,80,35,55,,,
4/1/2019,65,95,33,53,,,
4/2/2019,65,95,33,53,,,
4/3/2019,55,80,28,48,,,
4/4/2019,60,85,18,38,,,
4/5/2019,60,85,23,48,,,
4/8/2019,70,100,45,65,,,
4/9/2019,70,100,38,58,,,
4/10/2019,70,100,45,65,,,
4/11/2019,70,100,53,73,,,
4/12/2019,70,100,55,75,,,
4/16/2019,60,80,,,,,
4/17/2019,70,100,,,,,
4/18/2019,60,100,23,43,,,
4/22/2019,,,15,35,,,
4/23/2019,30,65,13,33,,,
4/24/2019,50,85,18,38,,,
4/25/2019,35,80,45,65,,,
4/26/2019,35,80,28,48,,,
4/29/2019,33,75,13,33,,,
4/30/2019,33,75,15,35,,,
5/2/2019,33,75,13,33,,,
5/3/2019,33,75,28,48,,,
5/6/2019,40,100,43,63,,,
5/7/2019,50,110,53,73,,,
5/8/2019,50,100,63,83,,,
5/9/2019,50,100,58,78,,,
5/10/2019,95,130,55,75,,,
5/13/2019,100,120,75,95,,,
5/14/2019,80,120,63,83,,,
5/15/2019,120,160,75,95,,,
5/16/2019,100,160,83,103,,,
5/17/2019,100,160,105,125,,,
5/21/2019,140,170,125,145,,,
5/22/2019,140,170,110,133,,,
5/23/2019,120,160,115,135,,,
5/24/2019,120,160,105,125,,,
5/27/2019,120,160,113,133,,,
5/28/2019,120,160,125,145,,,
5/29/2019,120,160,105,125,,,
5/30/2019,50,100,85,105,,,
5/31/2019,80,100,63,83,,,
6/3/2019,75,120,83,103,,,
6/4/2019,,,53,73,,,
6/6/2019,50,100,63,83,,,
6/7/2019,50,90,53,73,,,
6/10/2019,50,95,55,75,,,
6/11/2019,50,80,55,75,,,
6/12/2019,70,100,48,68,,,
6/13/2019,70,100,58,78,,,
6/14/2019,70,100,68,88,,,
6/17/2019,70,100,48,68,,,
6/18/2019,70,100,75,95,,,
6/19/2019,70,100,78,98,,,
6/20/2019,60,90,45,65,,,
6/21/2019,60,95,45,65,,,
6/24/2019,50,90,55,75,,,
6/25/2019,55,110,58,78,,,
6/26/2019,50,90,63,83,,,
6/27/2019,50,80,45,65,,,
6/28/2019,50,80,55,75,,,
7/1/2019,70,100,55,75,,,
7/2/2019,55,90,85,105,,,
7/3/2019,50,80,75,95,,,
7/4/2019,55,90,45,65,,,
7/5/2019,60,100,48,68,,,
7/8/2019,60,100,48,68,,,
7/9/2019,60,100,73,93,,,
7/10/2019,60,100,63,83,,,
7/11/2019,60,100,55,75,,,
7/12/2019,60,100,75,95,,,
7/15/2019,80,110,75,95,,,
7/17/2019,80,110,75,95,,,
7/18/2019,80,120,63,83,,,
7/19/2019,80,120,55,75,,,
7/22/2019,75,110,45,65,,,
7/23/2019,75,110,55,75,,,
7/24/2019,75,110,58,78,,,
7/25/2019,75,100,55,75,,,
7/26/2019,75,120,63,83,,,
7/29/2019,75,100,53,73,,,
7/30/2019,70,100,68,88,,,
7/31/2019,75,100,48,68,,,
8/1/2019,80,100,75,95,,,
8/2/2019,70,100,48,68,,,
8/5/2019,75,120,43,63,,,
8/6/2019,75,120,65,85,,,
8/7/2019,75,120,53,73,,,
8/8/2019,75,120,63,83,,,
8/9/2019,80,100,50,70,,,
8/13/2019,75,110,55,75,,,
8/15/2019,75,120,43,63,,,
8/16/2019,80,120,48,68,,,
8/19/2019,80,120,63,83,,,
8/20/2019,80,120,55,75,,,
8/21/2019,75,120,43,63,,,
8/22/2019,70,100,53,73,,,
8/23/2019,70,100,43,63,,,
8/26/2019,70,110,48,68,,,
8/27/2019,70,110,88,108,,,
8/28/2019,80,120,68,88,,,
8/29/2019,80,120,73,93,,,
8/30/2019,80,120,73,93,,,
9/2/2019,80,120,53,73,,,
9/3/2019,85,135,85,105,,,
9/4/2019,85,130,95,115,,,
9/5/2019,90,130,113,133,,,
9/6/2019,90,130,98,118,,,
9/9/2019,90,130,105,125,,,
9/10/2019,95,155,105,125,,,
9/11/2019,100,155,115,135,,,
9/12/2019,100,140,83,103,,,
9/16/2019,90,130,115,135,,,
9/17/2019,90,130,115,135,,,
9/18/2019,90,130,95,115,,,
9/19/2019,90,120,115,135,,,
9/20/2019,100,140,113,133,,,
9/23/2019,100,150,105,125,,,
9/24/2019,100,140,105,125,,,
9/25/2019,100,140,95,115,,,
9/26/2019,100,140,83,103,,,
9/27/2019,100,140,88,108,,,
9/30/2019,100,140,83,103,,,
10/1/2019,95,135,73,93,,,
10/2/2019,100,140,95,115,,,
10/3/2019,95,135,83,103,,,
10/4/2019,100,140,95,115,,,
10/7/2019,100,140,78,98,,,
10/8/2019,90,130,68,88,,,
10/9/2019,95,130,93,113,,,
10/10/2019,110,155,73,93,,,
10/11/2019,100,140,75,95,,,
10/14/2019,105,145,73,93,,,
10/15/2019,110,140,73,93,,,
10/16/2019,120,150,65,85,,,
10/17/2019,120,150,78,98,,,
10/18/2019,120,150,83,103,,,
10/21/2019,120,150,68,88,,,
10/22/2019,120,150,75,95,,,
10/23/2019,120,150,68,88,,,
10/24/2019,100,140,73,93,,,
10/25/2019,100,140,95,115,,,
10/28/2019,95,120,85,105,,,
10/29/2019,85,120,65,85,,,
10/30/2019,85,120,88,108,,,
10/31/2019,85,120,83,103,,,
11/1/2019,85,120,73,93,,,
11/4/2019,85,120,83,103,,,
11/5/2019,100,140,85,105,,,
11/6/2019,80,115,73,93,,,
11/7/2019,80,115,75,95,,,
11/8/2019,80,115,68,88,,,
11/13/2019,80,120,88,108,,,
11/14/2019,80,120,95,115,,,
11/15/2019,85,130,83,103,,,
11/18/2019,180,250,93,113,,,
11/19/2019,150,190,115,135,,,
11/20/2019,150,190,115,160,,,
11/21/2019,140,180,105,125,,,
11/22/2019,145,180,88,108,,,
11/25/2019,140,170,85,105,,,
11/26/2019,120,160,118,138,,,
11/27/2019,120,160,105,125,,,
11/28/2019,120,160,115,135,,,
11/29/2019,120,160,115,135,,,
12/2/2019,120,160,88,108,,,
12/3/2019,120,160,85,105,,,
12/4/2019,140,170,85,105,,,
12/5/2019,140,170,95,115,,,
12/6/2019,140,160,105,125,,,
12/9/2019,140,170,103,123,,,
12/10/2019,140,170,115,135,,,
12/12/2019,150,190,115,135,,,
12/13/2019,180,240,118,138,,,
12/16/2019,200,250,275,295,,,
12/17/2019,200,260,205,225,,,
12/18/2019,180,245,183,203,,,
12/19/2019,230,290,163,183,,,
12/20/2019,230,280,195,215,,,
12/23/2019,250,300,215,235,,,
12/24/2019,250,300,175,195,,,
12/26/2019,400,475,285,305,,,
12/27/2019,375,450,295,315,,,
12/30/2019,250,300,355,375,,,
12/31/2019,265,325,325,345,,,
1/1/2020,250,300,235,255,,,
1/2/2020,250,300,205,225,,,
1/3/2020,250,300,185,205,,,
1/6/2020,110,190,260,280,,,
1/7/2020,110,180,165,185,,,
1/8/2020,100,150,145,165,,,
1/9/2020,120,180,120,140,,,
1/13/2020,150,200,143,163,,,
1/14/2020,150,200,143,163,,,
1/16/2020,150,200,125,145,,,
1/17/2020,140,190,115,135,,,
1/20/2020,105,150,118,138,,,
1/21/2020,80,120,75,95,,,
1/22/2020,55,100,60,80,,,
1/23/2020,55,100,75,95,,,
1/24/2020,55,100,70,90,,,
1/27/2020,80,120,75,95,,,
1/28/2020,80,90,70,90,,,
1/29/2020,55,100,65,85,,,
1/30/2020,55,100,68,90,,,
1/31/2020,55,100,73,93,,,
2/3/2020,60,95,63,83,,,
2/5/2020,55,95,55,75,,,
2/6/2020,55,95,83,103,,,
2/7/2020,55,95,58,78,,,
2/10/2020,55,100,73,93,,,
2/11/2020,55,100,95,115,,,
2/12/2020,100,140,105,125,,,
2/13/2020,100,140,125,145,,,
2/14/2020,120,160,115,135,,,
2/17/2020,100,145,95,115,,,
2/18/2020,85,120,105,125,,,
2/19/2020,80,120,85,105,,,
2/20/2020,85,120,103,123,,,
2/24/2020,85,120,95,115,,,
2/25/2020,85,120,95,115,,,
2/26/2020,85,120,75,95,,,
2/27/2020,85,125,115,135,,,
2/28/2020,85,120,88,108,,,
3/2/2020,80,120,85,105,,,
3/3/2020,85,125,78,98,,,
3/4/2020,75,110,75,95,,,
3/5/2020,85,135,85,105,,,
3/6/2020,85,135,103,123,,,
3/10/2020,85,125,83,103,,,
3/11/2020,85,120,73,93,,,
3/12/2020,85,125,78,98,,,
3/13/2020,85,125,55,75,,,
3/17/2020,85,120,80,100,,,
3/18/2020,80,110,75,95,,,
3/19/2020,80,110,75,95,,,
3/20/2020,80,120,78,98,,,
3/23/2020,,,75,95,,,
3/24/2020,100,150,63,83,,,
3/25/2020,,,165,185,,,
3/26/2020,150,200,95,115,,,
3/27/2020,100,,95,115,,,
3/30/2020,100,,55,78,,,
3/31/2020,100,,45,,,,
4/1/2020,100,,43,63,,,
4/2/2020,80,,55,,,,
4/3/2020,80,,48,,,,
4/6/2020,40,,,,,,
4/8/2020,50,,,,,,
4/9/2020,35,,,,,,
4/16/2020,,,,,,,
4/17/2020,,,,,,,
4/20/2020,,,38,58,,,
4/21/2020,,,58,78,,,
4/22/2020,,,45,65,,,
4/23/2020,,,48,68,,,
4/24/2020,,,33,53,,,
4/27/2020,,,48,,,,
4/28/2020,,,40,60,,,
4/29/2020,55,,43,63,,,
4/30/2020,55,,43,63,,,
5/4/2020,50,,55,75,,,
5/5/2020,50,,45,65,,,
5/6/2020,50,,45,65,,,
5/11/2020,50,,65,85,,,
5/12/2020,50,,73,93,,,
5/13/2020,50,,65,85,,,
5/14/2020,60,,48,68,,,
5/15/2020,60,,48,68,,,
5/18/2020,60,,68,88,,,
5/19/2020,60,,58,80,,,
5/20/2020,50,,63,83,,,
5/21/2020,60,,65,85,,,
5/22/2020,70,,58,78,,,
5/26/2020,70,,105,125,,,
5/27/2020,80,110,85,105,,,
5/28/2020,80,110,75,95,,,
5/29/2020,120,160,95,115,,,
6/1/2020,100,140,123,143,,,
6/2/2020,100,140,95,143,,,
6/3/2020,100,140,123,143,,,
6/8/2020,140,190,125,145,,,
6/9/2020,140,190,75,95,,,
6/10/2020,90,130,85,105,,,
6/11/2020,90,130,90,110,,,
6/12/2020,120,160,135,155,,,
6/15/2020,115,150,105,125,,,
6/16/2020,110,150,78,98,,,
6/17/2020,120,160,73,93,,,
6/18/2020,100,130,53,73,,,
6/19/2020,100,130,85,105,,,
6/22/2020,80,100,48,68,,,
6/23/2020,80,100,85,115,,,
6/24/2020,85,100,55,75,,,
6/25/2020,75,100,38,58,,,
6/26/2020,70,100,43,63,,,
6/29/2020,70,100,43,63,,,
6/30/2020,70,100,53,73,,,
7/1/2020,65,95,48,68,,,
7/2/2020,60,95,48,68,,,
7/3/2020,60,95,38,58,,,
7/6/2020,55,95,48,68,,,
7/7/2020,55,95,43,63,,,
7/8/2020,55,95,38,58,,,
7/9/2020,55,95,45,65,,,
7/10/2020,50,80,63,83,,,
7/13/2020,50,80,58,78,,,
7/14/2020,50,80,75,95,,,
7/15/2020,50,80,73,93,,,
7/16/2020,50,80,75,95,,,
7/17/2020,50,80,78,98,,,
7/20/2020,50,80,75,95,,,
7/21/2020,50,80,75,95,,,
7/22/2020,50,80,75,95,,,
7/23/2020,50,80,58,78,,,
7/24/2020,50,80,83,103,,,
7/27/2020,50,80,93,113,,,
7/28/2020,50,80,95,115,,,
7/29/2020,78,115,95,115,,,
7/30/2020,78,115,108,128,,,
7/31/2020,100,137,118,138,,,
8/4/2020,110,150,85,105,,,
8/5/2020,100,140,,,,,
8/6/2020,100,140,,,,,
8/7/2020,115,150,95,115,,,
8/10/2020,100,130,83,103,,,
8/11/2020,100,140,65,85,,,
8/12/2020,120,160,85,105,,,
8/13/2020,113,147,105,125,,,
8/14/2020,125,170,95,115,,,
8/17/2020,125,160,105,125,,,
8/18/2020,117,160,78,98,,,
8/19/2020,120,160,105,125,,,
8/20/2020,130,170,105,125,,,
8/21/2020,135,175,115,135,,,
8/24/2020,140,180,105,125,,,
8/25/2020,120,160,115,135,,,
8/26/2020,113,153,115,115,,,
8/27/2020,115,155,103,123,,,
8/28/2020,107,147,95,115,,,
8/31/2020,120,160,85,105,,,
9/2/2020,125,160,95,115,,,
9/3/2020,120,155,88,108,,,
9/4/2020,120,160,75,95,,,
9/7/2020,65,100,55,75,,,
9/8/2020,80,120,65,85,,,
9/9/2020,60,100,65,85,,,
9/10/2020,75,110,55,75,,,
9/11/2020,53,87,65,85,,,
9/14/2020,45,80,48,68,,,
9/15/2020,55,90,38,58,,,
9/16/2020,43,80,48,68,,,
9/17/2020,43,80,55,75,,,
9/18/2020,43,80,45,65,,,
9/21/2020,50,90,43,63,,,
9/22/2020,50,87,43,63,,,
9/23/2020,55,93,43,63,,,
9/24/2020,55,93,58,78,,,
9/25/2020,45,87,48,68,,,
9/28/2020,63,100,55,75,,,
9/29/2020,63,100,65,85,,,
9/30/2020,63,100,48,68,,,
10/2/2020,70,113,78,98,,,
10/5/2020,83,133,75,95,,,
10/6/2020,83,127,38,58,,,
10/7/2020,77,127,65,85,,,
10/8/2020,63,107,70,90,,,
10/9/2020,83,127,75,95,,,
10/12/2020,97,130,75,95,,,
10/13/2020,83,117,63,83,,,
10/14/2020,55,90,75,95,,,
10/15/2020,80,120,75,95,,,
10/16/2020,77,127,85,105,,,
10/19/2020,105,140,95,115,,,
10/20/2020,85,130,105,125,,,
10/21/2020,85,120,58,78,,,
10/22/2020,,,105,125,,,
10/23/2020,,,90,110,,,
10/26/2020,,,95,115,,,
10/27/2020,,,95,115,,,
10/28/2020,,,83,103,,,
10/29/2020,,,128,148,,,
11/2/2020,,,75,95,,,
11/3/2020,,,63,83,,,
11/4/2020,,,88,108,,,
11/5/2020,,,75,95,,,
11/6/2020,,,85,105,,,
11/9/2020,,,55,75,,,
11/10/2020,,,75,95,,,
11/11/2020,,,80,100,,,
11/12/2020,,,88,108,,,
11/13/2020,,,68,88,,,
11/16/2020,,,75,95,,,
11/17/2020,,,95,115,,,
11/18/2020,,,95,115,,,
11/19/2020,,,75,95,,,
11/20/2020,,,75,95,,,
11/23/2020,,,105,125,,,
11/24/2020,,,100,120,,,
11/25/2020,,,105,125,,,
11/26/2020,,,95,115,,,
11/27/2020,,,105,125,,,
11/30/2020,,,138,158,,,
12/1/2020,,,125,145,,,
12/2/2020,,,145,165,,,
12/3/2020,,,155,175,,,
12/4/2020,,,145,165,,,
12/7/2020,,,145,165,,,
12/8/2020,,,125,145,,,
12/9/2020,,,145,165,,,
12/10/2020,,,145,165,,,
12/11/2020,,,95,115,,,
12/14/2020,,,145,165,,,
12/15/2020,,,125,145,,,
12/16/2020,90,,95,115,,,
12/17/2020,35,,63,83,,,
12/18/2020,50,,55,75,,,
12/21/2020,40,,73,93,,,
12/22/2020,50,,63,83,,,
12/23/2020,50,,55,75,,,
12/24/2020,50,,45,65,,,
12/28/2020,55,,65,85,,,
12/30/2020,50,,55,75,,,
12/31/2020,70,,55,75,,,
1/1/2021,53,,38,58,,,
1/4/2021,55,,58,78,,,
1/5/2021,53,,45,65,,,
1/6/2021,60,,53,73,,,
1/7/2021,53,,53,73,,,
1/8/2021,53,,45,65,,,
1/11/2021,90,,85,108,,,
1/12/2021,95,,135,155,,,
1/13/2021,110,,115,135,,,
1/15/2021,100,,125,145,,,
1/18/2021,137,,195,215,,,
1/19/2021,145,,175,200,,,
1/20/2021,155,,215,235,,,
1/21/2021,155,,235,255,,,
1/22/2021,175,,215,235,,,
1/25/2021,190,,255,275,,,
1/26/2021,210,,245,265,,,
1/27/2021,210,,235,255,,,
1/29/2021,230,,265,285,,,
2/1/2021,270,,225,245,,,
2/2/2021,270,,275,295,,,
2/3/2021,263,,235,255,,,
2/5/2021,263,,265,285,,,
2/8/2021,170,,155,175,,,
2/9/2021,160,,145,165,,,
2/10/2021,155,,115,135,,,
2/11/2021,110,,120,140,,,
2/12/2021,110,,95,115,,,
2/15/2021,87,,95,115,,,
2/16/2021,80,100,75,95,,,
2/17/2021,80,120,105,125,,,
2/18/2021,70,110,55,75,,,
2/19/2021,60,100,65,85,,,
2/22/2021,50,90,58,78,,,
2/23/2021,55,80,45,65,,,
2/24/2021,45,75,38,58,,,
2/25/2021,55,80,53,73,,,
3/1/2021,40,80,43,63,,,
3/2/2021,50,75,33,53,,,
3/3/2021,50,80,40,60,,,
3/4/2021,50,80,38,58,,,
3/5/2021,40,60,40,60,,,
3/8/2021,45,60,38,58,,,
3/9/2021,45,60,55,75,,,
3/10/2021,40,60,35,55,,,
3/12/2021,40,60,53,73,,,
3/15/2021,60,90,75,95,,,
3/16/2021,70,100,95,115,,,
3/17/2021,80,100,95,115,,,
3/18/2021,80,100,78,98,,,
3/19/2021,75,100,78,98,,,
3/22/2021,70,100,78,98,,,
3/23/2021,80,100,75,95,,,
3/24/2021,80,100,95,115,,,
3/25/2021,80,100,78,98,,,
3/26/2021,120,155,105,125,,,
3/29/2021,140,175,128,148,,,
3/30/2021,137,180,135,155,,,
3/31/2021,145,180,95,115,,,
4/1/2021,145,190,148,168,,,
4/5/2021,150,180,155,175,,,
4/6/2021,150,180,175,195,,,
4/7/2021,160,190,105,125,,,
4/8/2021,155,190,205,225,,,
4/9/2021,200,250,195,215,,,
4/12/2021,200,250,255,275,,,
4/15/2021,,,225,245,,,
4/16/2021,280,320,225,245,,,
4/19/2021,170,200,178,198,,,
4/20/2021,123,190,115,135,,,
4/21/2021,117,190,95,115,,,
4/22/2021,90,120,105,125,,,
4/23/2021,90,125,115,135,,,
4/27/2021,75,120,,,,,
4/28/2021,75,120,,,,,
4/29/2021,80,120,,,,,
4/30/2021,80,120,,,,,
5/3/2021,80,120,,,,,
5/4/2021,80,120,,,,,
5/5/2021,80,120,,,,,
5/6/2021,80,120,65,85,,,
5/7/2021,80,120,78,98,,,
5/10/2021,80,120,55,75,,,
5/11/2021,75,110,88,108,,,
5/12/2021,80,110,85,105,,,
5/13/2021,100,140,95,115,,,
5/17/2021,120,160,95,115,,,
5/18/2021,120,160,103,123,,,
5/19/2021,120,160,105,125,,,
5/20/2021,145,180,115,135,,,
5/21/2021,140,180,115,135,,,
5/24/2021,150,,135,,,,
5/25/2021,150,180,135,,,,
5/31/2021,100,140,100,,,,
6/3/2021,110,150,115,,,,
6/4/2021,110,150,145,,,,
6/8/2021,150,200,120,,,,
6/9/2021,150,200,115,,,,
6/10/2021,,,,,,,
6/11/2021,,,,,,,
6/14/2021,,,,,,,
6/15/2021,,,,,,,
6/16/2021,,,,,,,
6/17/2021,120,160,115,,,,
6/18/2021,110,150,115,,,,
6/21/2021,150,200,155,,,,
6/22/2021,135,160,115,135,,,
6/23/2021,150,180,155,175,,,
6/25/2021,120,160,145,165,,,
6/28/2021,120,160,,,,,
6/29/2021,120,160,83,103,,,
6/30/2021,110,140,68,88,,,
